ga:deviceCategory,ga:sessions,ga:bounceRate,ga:sessionsWithEvent,conv_rate
desktop,4061,52.64713125,114,0.028071903
mobile,2261,62.62715613,30,0.013268465
tablet,270,55.55555556,3,0.011111111
